SSDSE-E-2022v2,prefecture,A1101,A1102,A1301,A1302,A1303,A1700,A4101,A4103,A4200,A5101,A5102,A710101,A710201,A810105,A9101,A9201,B1101,B1103,B2101,C1111,C1211,C121101,C2108,C210836,C210837,C210839,C210841,C210847,C210848,C210850,C2208,C220836,C220837,C220839,C220841,C220847,C220848,C220850,C310201,C310202,C3107,C3801,C3802,E1101,E1501,E2101,E2501,E3101,E3501,E4101,E4501,E6101,E6102,E6301,E6302,G1201,G1401,G1501,G3102,G3201,G5101v2,G5104v2,G5105,G7101,G7102,H1100,H110202,H1310,H1401,H2130,H5507,H550701,H5609,H5610,H5614,H6130,H6131,H6132,I510120,I5102,I5103,I6100,I6200,I6300,J2503,J2506,L3221,L322101,L322102,L322109
,年度,2020,2020,2020,2020,2020,2020,2020,2019,2020,2020,2020,2020,2020,2020,2020,2020,2020,2020,2020,2017,2017,2017,2016,2016,2016,2016,2016,2016,2016,2016,2016,2016,2016,2016,2016,2016,2016,2016,2019,2019,2020,2019,2019,2020,2020,2020,2020,2020,2020,2020,2020,2020,2020,2020,2020,2018,2018,2018,2018,2018,2016,2018,2020,2020,2020,2018,2018,2018,2018,2018,2019,2019,2019,2019,2019,2016,2016,2016,2019,2019,2019,2018,2018,2018,2019,2019,2020,2020,2020,2020
地域コード,都道府県,総人口,日本人人口,15歳未満人口,15〜64歳人口,65歳以上人口,外国人人口,出生数,合計特殊出生率,死亡数,転入者数（日本人移動者）,転出者数（日本人移動者）,一般世帯数,一般世帯人員数,単独世帯数,婚姻件数,離婚件数,総面積（北方地域及び竹島を除く）,可住地面積,自然公園面積,県内総生産額（平成23年基準）,県民所得（平成23年基準）,1人当たり県民所得（平成23年基準）,事業所数（民営）,事業所数（民営）（建設業）,事業所数（民営）（製造業）,事業所数（民営）（情報通信業）,事業所数（民営）（卸売業，小売業）,事業所数（民営）（宿泊業，飲食サービス業）,事業所数（民営）（生活関連サービス業，娯楽業）,事業所数（民営）（医療，福祉）,従業者数（民営）,従業者数（民営）（建設業）,従業者数（民営）（製造業）,従業者数（民営）（情報通信業）,従業者数（民営）（卸売業，小売業）,従業者数（民営）（宿泊業，飲食サービス業）,従業者数（民営）（生活関連サービス業，娯楽業）,従業者数（民営）（医療，福祉）,農家数（販売農家）,農家数（自給的農家）,耕地面積,旅館営業施設数（ホテルを含む）,旅館営業施設客室数（ホテルを含む）,幼稚園数,幼稚園在園者数,小学校数,小学校児童数,中学校数,中学校生徒数,高等学校数,高等学校生徒数,短期大学数,大学数,短期大学学生数,大学学生数,公民館数,図書館数,博物館数,社会体育施設数,民間体育施設数,映画館数,劇場，音楽堂等数,一般旅券発行件数,延べ宿泊者数,外国人延べ宿泊者数,総住宅数,空き家数,持ち家数,一戸建住宅数,1住宅当たり延べ面積,総人口（非水洗化人口＋水洗化人口）,非水洗化人口,ごみ総排出量（総量）,1人1日当たりの排出量,ごみのリサイクル率,小売店数,飲食店数,大型小売店数,一般病院数,一般診療所数,歯科診療所数,医師数,歯科医師数,薬剤師数,保育所等数（詳細票）,保育所等在所児数（詳細票）,消費支出（二人以上の世帯）,食料費（二人以上の世帯）,住居費（二人以上の世帯）,教養娯楽費（二人以上の世帯）
R00000,全国,126146099,121541155,14955692,72922764,35335805,2402460,840835,1.36,1372755,2247492,2247492,55704949,123162995,21151042,525507,193253,37297315,12295754,5600546,561523371,418620499,3304,5340783,492734,454800,63574,1355060,696396,470713,429173,56872826,3690740,8864253,1642042,11843869,5362088,2420557,7374844,1027892,719187,4372000,51004,1707078,9698,1078496,19525,6300693,10142,3211219,4874,3092064,323,795,104871,2623572,13632,3360,1286,46981,16397,562,1827,1234928,266629160,15892610,62407400,8488600,32801500,28758600,93.04,127156017,5816356,42736787,918,19.6,982368,588323,17630,7246,102616,68500,327210,104908,311289,28737,2586393,277926,76440,17365,24285
R01000,北海道,5224614,5151366,555804,2945727,1664023,34321,29523,1.24,65078,48494,50418,2469063,5032739,999825,20904,9070,7842138,2269923,879833,19430141,14269552,2682,224718,21361,10818,2206,56213,32259,20386,18506,2165925,182143,195081,37312,472228,211758,101190,323580,32232,5362,1143000,2863,115751,385,41743,999,236396,586,123129,276,119773,15,37,4463,79409,381,152,64,3935,726,21,73,30570,17555910,1798840,2807200,379800,1359400,1255600,91.23,5265863,310904,1850519,960,23.2,40615,26585,823,484,3397,2884,13425,4419,11582,1020,76397,301683,77680,27305,26539
R02000,青森県,1237984,1224334,129112,676167,412943,5409,6837,1.38,17905,16413,21145,509649,1191534,168917,4032,1915,964564,325319,114187,4443200,3183283,2490,58116,5750,3002,366,15799,8052,6494,4899,498988,50820,60824,5240,112419,41516,24501,74147,28062,8403,149800,630,19987,87,4632,269,55717,159,30206,77,32155,5,10,1018,15400,246,35,5,703,272,7,21,4580,2541590,73820,592400,88700,352800,377200,121.58,1278713,142698,469430,1003,14.3,12079,6744,185,77,877,520,2712,740,2306,480,33675,251881,75325,18537,18924
R03000,岩手県,1210534,1194745,132447,658816,404359,6937,6718,1.35,17204,15663,19530,490828,1174106,163290,3918,1679,1527501,375137,72061,4651238,3477889,2772,58415,5677,3884,432,15404,7095,6016,4772,525264,50849,90657,5762,108508,42697,22981,71471,33861,18827,149500,811,22164,85,5498,304,56822,155,30388,79,31229,5,6,751,11489,176,47,21,908,132,6,27,4533,3625960,80680,579300,93500,338100,352600,119.90,1238207,290113,420164,927,17.6,11833,5668,179,76,879,576,2673,1005,2421,382,30017,270902,74023,24850,20179
R04000,宮城県,2301996,2242701,268428,1346845,638984,19453,14480,1.23,24632,44078,44242,980549,2251390,362255,8921,3553,728229,318591,171201,9463930,6838814,2944,97974,10640,5350,1036,27102,11621,8736,7573,1006886,99631,120120,19772,225169,89667,41584,119085,28632,12877,125800,757,34768,232,25704,381,114086,207,58381,95,57157,5,14,2613,49410,439,35,18,900,271,9,40,13445,5678790,121820,1089300,130500,554300,527500,97.24,2292498,222966,819659,977,14.8,18296,9560,325,112,1671,1061,5792,1893,5455,481,38790,264817,76291,24121,22245
R05000,秋田県,959502,950192,92673,500687,357568,3651,4499,1.33,15379,10519,13519,383531,923812,117169,2686,1213,1163752,323334,123801,3563010,2687621,2699,48769,5385,3481,302,13034,5841,5876,3646,413719,40329,67198,3737,86407,33576,18790,66049,27780,9336,146700,545,15729,36,2258,191,40192,112,22182,54,22266,4,7,563,8884,342,48,11,864,137,4,23,2823,2003950,20010,445700,60800,296500,306200,131.93,987199,187964,359010,994,15.2,10224,4704,144,52,802,436,2413,639,2056,277,24532,264922,72763,14661,22769
R06000,山形県,1068027,1056617,120086,578819,359554,7149,6217,1.40,15348,11944,15171,396792,1035323,112791,3530,1362,932315,287329,155510,4266962,3220641,2923,55778,6235,5154,342,14496,6793,6061,3947,475435,42190,106493,4029,93586,39847,20800,62958,26796,12832,116900,807,20253,69,5840,244,50885,97,27473,61,28281,3,6,1143,11723,430,40,17,645,145,11,23,4584,2741910,65990,449000,54200,294600,305200,135.18,1081076,69909,364842,922,14.4,11286,5493,105,54,919,483,2614,683,2109,288,25425,293536,77254,16066,22462
R07000,福島県,1833152,1797450,206152,1020241,572825,12868,11215,1.47,24515,23250,29528,740089,1788951,245335,6674,2969,1378414,423073,179099,8063692,5592576,2971,85960,10250,7127,542,22064,10566,8246,6133,806130,79858,163815,6973,154720,69191,34334,99733,41060,21613,138400,1521,42549,233,17964,428,86804,227,47108,110,47571,5,8,1588,14288,374,68,17,1379,304,6,35,8278,6191770,51180,861300,123500,494900,512800,112.65,1901853,154523,720595,1035,12.7,16934,8013,227,103,1346,853,3993,1388,3673,375,32198,268003,72590,17053,21190
R08000,茨城県,2867009,2763432,333741,1638165,839907,57819,17389,1.39,32931,45720,47468,1181598,2802960,385760,10622,4403,609739,388884,90896,13808427,9562343,3306,115007,15007,10759,721,29144,13047,11395,7648,1233534,87548,280530,13823,233297,95666,57521,145001,43920,27841,163600,941,28652,239,21382,476,139002,228,72868,121,74121,3,10,760,30258,252,64,26,1229,912,11,37,21805,3507280,36400,1328900,197200,801700,814800,107.79,2915959,216357,1051103,985,20.8,22398,11116,418,153,1749,1403,5682,1954,6604,606,57940,274520,71373,15978,23652
R09000,栃木県,1933146,1869256,227553,1115611,554381,37408,11808,1.39,21702,30080,31838,795449,1891685,261757,7396,3037,640809,300506,133443,9151331,6679172,3413,86088,9600,8894,485,21883,10708,8132,6072,878756,58574,208355,7367,164790,76323,42308,99282,31993,14209,122000,1413,35790,82,11134,350,96704,163,51558,75,50745,6,9,1700,20388,188,55,26,951,638,8,31,12924,5467450,43960,926700,160700,526100,545000,106.54,1968097,104057,660826,917,16.1,16541,8797,273,88,1460,984,4592,1354,4160,434,38509,279214,75567,15581,24730
R10000,群馬県,1939110,1860213,224304,1096231,576729,53432,11660,1.40,23286,26611,28889,803215,1884909,260100,7044,2857,636228,226902,88868,8970434,6515719,3325,90231,10205,10812,547,21846,10444,8147,6718,900921,58817,227992,8636,167404,73256,37599,113141,19405,22870,66800,1175,30070,128,9565,309,96764,168,51167,79,49994,8,14,1659,28312,222,57,20,1225,289,7,42,13062,4696760,65150,949000,158300,561700,581400,107.14,1971651,92494,713518,989,14.7,16458,8585,264,117,1551,984,4654,1414,3963,450,44654,289142,77211,11422,26870
R11000,埼玉県,7344765,7055679,858384,4335188,1934994,161439,47328,1.27,70758,163059,145147,3157627,7204956,1072139,29260,10659,379775,260309,124582,23431055,22415717,3067,240542,25762,26691,1684,56851,27883,22637,20058,2575544,164889,464446,21080,543203,232300,117077,335992,27588,18875,74100,689,24567,518,85521,814,366426,448,186455,193,167972,12,28,3993,111852,489,172,25,1648,1093,27,75,73974,3106770,34060,3384700,346200,1987700,1656900,87.15,7387913,77582,2328598,861,23.7,42050,24368,962,295,4378,3558,12928,5358,15793,1363,112411,326313,84240,16200,31583
R12000,千葉県,6284480,6040814,734496,3715691,1699991,142177,40168,1.28,62118,143177,126407,2767661,6166145,1003440,24996,9187,515757,353386,28537,21106928,19939763,3193,188740,19912,11082,1457,47017,25104,19310,16820,2114259,144082,240508,28794,443104,218655,131916,292342,34261,16565,123500,1289,60163,474,70331,777,309553,395,156873,182,145920,8,27,3145,104866,288,144,43,1544,989,24,54,74250,12237050,1067290,3029800,382500,1724100,1400400,89.74,6317531,138063,2092336,905,21.3,35971,21274,849,255,3818,3273,12586,5153,14282,1167,97620,303193,82761,23198,26219
R13000,東京都,14047594,13233213,1566840,8944193,3107822,483372,99661,1.15,121219,401168,362794,7216650,13839178,3625810,73931,20783,219403,142278,79889,106238222,74473226,5427,621671,40014,43569,21935,150728,89160,46450,48461,9005511,456848,589948,849374,1983374,865996,332189,802679,4606,4961,6530,3308,188775,984,144095,1328,619291,803,304405,428,306302,37,143,10450,673683,79,398,103,2152,963,79,119,240890,28915890,4167870,7671600,809900,3063000,1820900,65.90,13826079,17817,4407607,871,22.3,95501,79067,2088,589,13707,10670,45392,16597,50562,3114,279024,325010,92079,30206,31559
R14000,神奈川県,9237337,8876834,1085763,5628918,2308578,195535,60865,1.28,84601,213490,188541,4210122,9059878,1650991,39641,13509,241611,147384,55138,35589833,29553995,3227,287942,27845,18234,3771,66274,38327,24871,28286,3464316,199259,443289,122387,678039,358863,150251,495223,10479,10811,18400,1341,55024,634,103613,887,454751,473,224709,231,200230,14,31,5754,174710,162,85,55,1469,1098,29,72,132184,12290040,514520,4503500,484700,2362000,1655500,78.24,9198470,27787,2856077,848,24.1,50522,32898,1194,289,6820,4948,20254,7365,22913,1855,141983,295913,84137,23113,28787
R15000,新潟県,2201272,2168416,247480,1210917,715935,15028,12981,1.38,29455,20451,26558,862796,2141206,266182,7570,2637,1258396,455017,316891,8994381,6510841,2873,112948,13547,11487,775,29006,13424,10786,7655,1025630,99735,199819,11738,211746,87212,45767,127745,41751,20805,169000,2062,44112,85,5239,452,105818,230,53720,102,53114,5,21,1417,27153,405,79,38,1466,229,9,48,10627,5489410,157710,994500,146200,625000,627500,128.95,2233964,109594,845564,1034,22.1,21631,10516,324,108,1671,1152,4727,2059,4476,723,62874,273946,75581,13904,23895
R16000,富山県,1034814,1009388,115177,568052,333008,16326,6256,1.53,12981,11545,13267,403007,1007734,119523,3720,1239,424758,184227,125554,4584089,3505236,3319,51785,5798,5218,393,13858,5654,4660,3596,504554,39900,127979,7495,93906,40246,20243,58084,11323,5991,58200,418,15576,42,2249,183,48757,78,26565,53,26722,2,5,1123,10739,300,57,37,685,125,3,30,6511,1994230,38900,452600,60000,300100,301400,145.17,1057439,31788,404812,1046,23.0,10510,4623,139,87,762,443,2808,653,2794,301,28398,302233,80185,13035,27599
R17000,石川県,1132526,1102692,137096,641383,333660,13685,7712,1.46,12721,17077,18576,468835,1097311,162531,4336,1474,418621,139464,52564,4676061,3399222,2962,59770,6182,7157,554,15088,7349,5038,3788,541030,38635,107073,11024,111470,53486,22196,64596,9263,6611,40800,743,27947,50,4834,204,57706,89,30259,56,30515,5,13,1440,27369,290,40,30,831,162,7,30,8534,4555390,157940,535800,77800,315500,317500,126.60,1140659,28196,389383,933,14.9,10994,6131,146,81,872,484,3430,710,2728,355,35158,299375,79070,15940,26566
R18000,福井県,766863,746068,95544,427984,232684,13796,5313,1.56,9286,8492,10800,290692,746456,86282,3029,1052,419052,107728,61912,3323602,2542060,3265,41644,4743,5292,322,10543,5288,3577,2491,377238,32043,82745,5047,73107,32923,14326,47565,9777,6281,40000,949,15959,67,1311,196,40177,82,21170,35,21221,1,6,459,10068,207,37,19,487,88,5,21,5136,2063560,16360,325400,45000,209200,214200,138.43,780905,32914,275483,964,14.3,7892,4058,101,57,573,300,2057,445,1466,280,25400,253715,75628,12243,23553
R19000,山梨県,809974,786673,91629,453633,245884,13993,5184,1.44,9796,12532,13890,338057,789586,110192,3182,1296,446527,95311,121207,3431756,2447366,2973,42387,4418,4535,287,9999,6185,3661,2839,366320,25886,77414,4124,71342,42258,17918,44406,14178,13808,23400,1331,26332,56,3841,177,39153,93,21202,43,23384,3,7,1044,16126,282,53,26,619,305,5,22,5711,3433690,201510,422000,90000,231000,243000,111.94,827674,32443,298771,986,16.7,7614,4501,127,52,698,435,2016,608,1797,231,19834,290406,76623,16718,26373
R20000,長野県,2048011,1997083,242873,1118429,646942,31491,12864,1.57,25428,26050,28131,829979,1998549,257508,7701,2910,1356156,324893,277922,8441677,6102449,2940,106030,11854,10890,902,24779,15521,8641,7187,928421,67071,208904,11713,178906,96948,38176,118377,40510,49276,105300,2620,63713,93,8775,365,103666,195,55507,100,54280,9,10,2415,16388,1802,126,83,1978,550,13,46,14736,8217340,323580,1007900,197300,574700,590500,121.62,2086651,129655,623271,816,20.5,18695,10643,293,112,1574,1013,5035,1660,4493,568,49131,270419,72276,20126,24597
R21000,岐阜県,1978742,1900727,240520,1105215,593751,48979,12092,1.45,22720,24615,30312,779029,1937236,228715,7003,2834,1062129,221063,195093,7768874,5720734,2849,98527,10213,13734,553,24132,12283,8415,6834,880780,60542,217881,6603,172194,83662,39642,104161,19924,29012,55500,1098,25461,164,19001,367,104118,185,54433,81,52577,11,13,3596,19827,273,71,20,1071,180,7,46,15386,3408440,193210,893900,139800,557100,558400,121.77,1996003,89363,653280,894,17.2,17961,10447,232,86,1587,968,4416,1706,3921,417,36665,304271,76629,18816,27896
R22000,静岡県,3633202,3523817,438723,2071258,1084282,86046,22497,1.44,42191,48690,54270,1480969,3551043,472201,13846,5474,777735,277474,84045,17277470,12453711,3388,172031,17654,19526,1261,43072,21959,15177,11659,1712983,104563,434418,19333,320648,160459,71704,186755,24426,26310,62800,2841,70454,366,34376,509,187254,293,97950,138,94652,6,13,1991,33809,64,96,43,1368,715,17,54,29117,11714450,213160,1714700,281600,955300,940700,103.15,3711481,73887,1201647,885,18.2,31769,18008,512,144,2732,1761,7948,2446,8320,655,64221,281343,79406,17084,24461
R23000,愛知県,7542415,7164758,973642,4502713,1864603,231369,55613,1.45,70518,105208,107475,3233126,7412091,1175221,35390,11713,517307,299576,88881,40299791,27728182,3685,309867,27178,35817,3400,77110,40412,25852,22765,3749904,216916,904736,78194,737389,340741,145996,365603,25906,35149,73700,1202,66925,419,71105,969,410482,440,206920,222,190309,19,51,6800,177380,352,98,42,1768,756,34,77,81639,9598320,567600,3481800,393800,1826000,1564800,95.01,7573172,111265,2536734,915,21.3,51577,35847,1087,286,5455,3735,16894,5738,15446,1479,156863,282283,78351,13305,26949
R24000,三重県,1770254,1698876,211090,997052,522073,44721,11141,1.47,20716,25108,29419,741183,1728038,244698,6855,2759,577449,206415,208394,8227235,5599467,3111,77168,7884,7615,432,19577,9293,6846,5647,801130,46690,207599,5148,146316,74466,37096,98616,18062,15468,58000,1293,30664,179,12874,372,91910,168,47472,70,45829,4,7,1415,14064,323,47,20,656,459,10,36,14679,4484250,46820,853700,129600,518700,524900,110.42,1812396,100928,628172,947,23.1,15252,7547,251,81,1519,822,4159,1176,3511,432,39806,285114,73364,15410,26012
R25000,滋賀県,1413610,1359501,191369,824781,365311,28704,10437,1.47,13039,24935,25427,570529,1391113,182011,5878,2050,401738,129957,149957,6533239,4646647,3290,55262,5913,5604,357,13178,5894,4575,4342,602600,31636,163562,3773,109771,54156,24072,70410,13807,8164,51200,500,14942,132,11436,220,81054,103,40601,56,37868,3,9,825,31100,90,50,18,576,128,7,35,13938,2484390,53770,626000,81200,389000,366100,115.49,1420129,44612,435270,837,17.8,10420,4766,209,50,1091,565,3386,794,3245,315,34089,304172,81180,12435,29293
R26000,京都府,2578087,2460764,293465,1467216,734493,52442,16440,1.25,26860,51753,55681,1188903,2523758,489815,10197,3742,461220,117729,94896,10799617,7845179,3018,113774,8525,13556,963,29033,15200,9097,8740,1137370,50409,182901,14576,247308,125617,46064,163193,13616,11337,29800,995,43379,197,22094,371,121712,190,65443,110,67847,11,34,3433,141870,154,68,41,672,257,13,32,30960,11249850,1167800,1338300,171800,710400,641200,86.93,2602082,81637,796455,836,15.7,21801,12920,425,154,2451,1299,8847,1930,6518,509,57297,253880,79072,8686,23448
R27000,大阪府,8837685,8411856,1029499,5199504,2361723,208681,61878,1.31,91644,159317,145935,4126995,8659723,1727107,40989,14832,190532,133405,20039,40069967,28081842,3183,392940,25089,42680,5842,99597,52979,29366,34357,4393139,222338,604086,139601,1002387,415766,169344,574571,7413,13400,12500,1477,112900,569,78517,996,427884,519,220342,256,214115,23,55,9575,226452,199,147,37,1180,360,37,67,110991,15261570,2118590,4680200,709400,2160900,1607400,76.98,8846884,119839,3084929,953,13.1,62883,47502,1390,475,8533,5517,25552,7865,26278,1531,160537,246247,76729,18912,19294
R28000,兵庫県,5465002,5215927,660205,3075863,1546543,87280,36953,1.41,58654,83526,91049,2399358,5355504,862511,21964,8370,840102,276954,166081,21328823,16322015,2966,214169,16851,18155,1574,54143,31496,18423,18964,2203102,110137,404201,22315,449366,228205,96619,321523,37025,30099,73000,1490,47555,473,45514,754,282758,383,142012,205,132810,17,36,5866,116299,283,107,44,1164,660,20,67,59077,7948490,171890,2680900,360200,1495900,1164400,93.40,5546977,85076,1879230,926,15.7,41015,27547,790,316,5125,2986,14463,4007,15068,1030,100945,268760,78235,11982,23502
R29000,奈良県,1324473,1302289,154271,737675,414576,11505,7831,1.31,14678,22128,25177,543908,1292985,159204,4574,1831,369094,85389,63328,3695047,3503561,2600,46487,3667,4651,267,12047,5278,4122,4378,434135,21679,69498,2198,92426,44265,22449,80577,10616,11334,20000,417,9735,159,11097,202,67172,110,36085,54,33849,3,11,1229,20655,364,33,22,484,206,5,31,13727,1096330,43130,617600,87200,392000,357800,110.87,1354624,60093,448835,905,16.2,9762,4377,179,75,1215,681,3582,911,2830,219,27566,299627,81275,21951,27727
R30000,和歌山県,922584,911408,105360,503704,305500,6029,5732,1.46,12610,10631,13808,393489,896425,127908,3527,1529,472465,112335,59699,3473335,2643147,2797,47247,4312,3947,234,12878,5688,4258,4084,377605,25860,60026,2890,80632,36832,16296,63285,17250,8013,31800,691,17056,69,4606,248,44501,128,23633,47,24240,1,4,351,7524,253,26,10,441,95,5,19,5876,2791130,37600,485200,98400,280300,284600,105.72,955561,166028,332927,952,12.2,10061,4736,129,75,1025,527,2915,720,2326,201,18952,245467,65955,17125,21593
R31000,鳥取県,553407,543979,68330,300002,177046,4310,3783,1.63,7096,8144,9152,219069,535393,70641,2098,814,350714,90434,49061,1896663,1404083,2485,25718,2292,1517,230,6938,3258,2574,2157,230700,17335,34304,2729,48090,22246,9628,38413,13911,9195,34300,604,9971,20,2021,118,28238,58,14522,32,14572,1,3,555,6736,175,30,7,538,114,3,14,2785,1666570,24640,256600,39900,148400,152800,121.52,561451,36459,211921,1031,29.2,5325,2604,65,39,497,259,1828,357,1200,186,17583,296669,76348,17658,24816
R32000,島根県,671126,656197,81641,352656,227881,8230,4473,1.68,9585,9693,11225,268462,645246,89036,2398,877,670769,127098,40496,2472927,1748494,2553,34987,3780,2348,264,9349,3834,3274,2838,290557,27364,43920,3805,57760,24392,11452,50496,14397,12789,36400,391,10535,89,2852,200,33921,97,17119,47,17707,1,2,171,7098,196,40,22,575,50,2,22,2832,1989340,10930,314200,48300,185800,189800,123.08,680905,111405,238088,955,20.8,7374,3011,71,40,715,268,2050,401,1377,295,23122,294519,73347,18742,24210
R33000,岡山県,1888432,1810900,229352,1032394,557991,25116,13521,1.47,21788,27074,29057,799611,1836335,284926,7852,2986,711433,222827,80664,7813184,5415235,2839,79870,7968,6853,660,21434,8603,7119,6414,820656,57456,160242,10150,168410,65951,31338,123192,27937,22798,63600,695,21051,224,13087,389,98893,165,50683,86,51008,9,18,2166,39347,401,70,32,841,212,8,40,13724,3146180,61480,916300,142500,500100,513800,105.64,1900821,192206,697593,1003,29.0,16020,7157,272,145,1650,988,6088,1778,4167,440,45281,262385,72021,18861,21249
R34000,広島県,2799702,2713163,352678,1580054,811931,47733,19606,1.49,30244,42389,46568,1241204,2725202,462961,11765,4233,847965,229873,37857,11790821,8959272,3167,127057,11440,10302,1188,33337,15298,10987,10211,1302074,83685,236128,22917,274069,108229,50473,181720,20861,24474,53500,701,29594,225,22254,475,149529,267,74729,130,69260,5,20,1521,55652,269,84,30,1095,401,17,42,22019,5562800,131350,1430700,215600,742600,670600,93.52,2828345,240906,930550,899,18.7,23548,13302,424,207,2563,1546,7609,2578,7229,680,65231,287257,78956,16352,26585
R35000,山口県,1342059,1313593,153608,709992,459957,14378,8203,1.56,18477,21026,24321,597309,1293822,218208,4810,1988,611254,171516,42971,6413148,4505707,3258,61385,6326,3497,428,17063,7322,5705,5111,577791,45672,99078,4807,118262,50575,23827,94331,14837,12501,44900,692,18427,166,13873,303,66289,164,33677,79,32051,5,10,780,18546,170,55,23,733,300,6,35,8433,2499800,20920,719900,126800,396500,398900,102.30,1372247,104677,497856,991,32.7,13268,6040,172,117,1240,656,3675,976,3433,302,25010,286130,71864,15423,25466
R36000,徳島県,719559,693084,77129,375657,238346,5033,4521,1.46,9886,8579,10924,307358,693391,109570,2609,1081,414675,101604,38706,3156884,2297253,3091,35853,3304,2695,224,9451,4515,3519,2913,301688,21097,51966,2703,61279,27015,12471,53592,14059,11060,28500,506,9632,111,4927,190,34671,88,17397,37,17801,3,4,715,11867,321,28,11,367,93,2,13,3946,1059480,16400,380700,74100,211300,215900,111.05,743471,51825,262332,964,16.0,7411,3673,77,92,727,431,2552,841,2674,208,15735,295661,76260,14281,25284
R37000,香川県,950244,920884,113757,518056,296533,10854,6179,1.59,12183,15420,17247,406062,920852,139818,3786,1498,187678,100494,20534,3845915,2919952,3018,46774,4444,4141,370,12673,5462,3912,3309,429167,31396,76856,6105,93479,36421,17002,59044,15942,13280,29700,361,13159,120,9188,160,49988,76,25567,40,25477,2,4,761,9129,156,30,12,469,150,6,15,6080,2097440,64410,487700,88200,275400,268600,108.58,982235,73134,312165,868,18.2,8956,4603,143,77,825,475,2852,724,2478,215,22084,275267,72102,17718,25313
R38000,愛媛県,1334841,1296806,153764,711738,434279,11159,8102,1.46,18036,16749,19924,599941,1295030,224773,4903,2001,567619,166601,41121,5149797,3739076,2741,63310,6094,4946,485,17077,7571,6001,5048,566761,42032,91256,7111,119185,48714,24721,90160,20639,14355,47000,449,15646,126,10416,281,67607,134,33235,66,32547,5,5,1068,16254,433,45,24,655,147,9,25,7373,2429920,35560,714300,129800,386400,397300,99.95,1370659,121595,452163,901,16.5,12727,6351,194,122,1226,660,3773,933,2970,315,24068,240210,67671,10921,19692
R39000,高知県,691527,677762,74946,362200,241787,4220,4082,1.47,9998,8366,10363,314330,663963,122867,2440,1149,710363,116129,47504,2429454,1891510,2650,35366,3041,2351,229,9926,5427,3521,2802,279196,21864,28561,3152,62808,30554,12926,54006,12173,7751,26600,372,10489,38,2451,228,31918,128,16999,46,17646,1,5,583,9086,201,41,14,389,65,2,13,3428,1509950,13400,391600,74600,204700,213100,95.32,709567,111523,252110,971,20.3,7841,4423,100,113,549,363,2308,528,1744,255,20511,270206,73830,19723,22399
R40000,福岡県,5135214,4923076,662179,2911353,1395142,66699,38966,1.44,53273,97198,89390,2318479,4986247,942993,22745,8955,498651,276338,88101,19679224,14745915,2888,212649,19086,12187,2642,59520,27481,18990,18992,2236269,150171,249717,53683,489701,212562,94632,352836,27187,14164,79700,1294,59632,422,57337,729,280977,362,136797,164,125635,18,34,6445,110156,310,114,31,1336,483,23,78,46734,8902440,504150,2581200,328600,1182600,991200,84.66,5126550,411592,1772465,945,21.0,41613,23730,618,398,4713,3081,16310,5591,12307,1021,113969,317047,75372,34372,27314
R41000,佐賀県,811442,796285,108241,443579,246061,5940,6004,1.64,9963,14610,16404,311173,781601,94280,3031,1235,244069,133459,26884,2945222,2166548,2630,37479,3526,2913,205,10278,4722,3292,3239,354733,26305,64658,2752,70180,31143,16336,60548,13293,5352,50800,344,9514,53,3807,164,44590,92,23275,46,23034,3,2,812,7741,127,30,13,496,106,3,18,4696,1439330,36870,352100,50500,201000,207700,112.48,824306,149316,271401,900,19.7,7992,3961,78,87,691,416,2383,592,1941,256,22209,288604,73552,22378,24579
R42000,長崎県,1312317,1296014,164303,706077,430353,8316,9182,1.66,17646,20853,26853,556130,1259784,191470,4900,1976,413098,166797,74091,4575751,3481150,2571,62028,5608,3982,383,17542,7855,5923,5834,536782,40263,67308,5057,113314,51962,25994,105805,17329,10953,46100,612,21685,107,8402,327,69812,188,35687,79,35385,2,8,763,17128,188,38,16,820,91,4,36,6987,3673480,91120,659500,101500,353900,357700,97.20,1350826,276403,479297,969,15.8,13761,6300,154,121,1371,729,4300,1192,2925,488,35906,253814,67610,23592,19351
R43000,熊本県,1738301,1705205,228366,944198,540538,14591,13011,1.60,21156,25844,29449,716740,1678793,242940,6793,2797,740946,274696,155636,6059584,4613395,2613,72144,7219,4246,532,19897,8443,7047,6365,690992,50302,99009,7976,142596,62167,31435,131131,32529,15350,109100,1182,27423,101,8511,340,96934,171,48218,73,45401,2,9,717,24771,311,52,17,915,170,6,31,10580,3969680,103380,813700,111900,432300,440600,99.57,1769564,156903,580471,896,20.7,15341,6758,156,173,1469,845,5310,1350,3879,622,54825,291734,71821,22257,24046
R44000,大分県,1123852,1098735,135272,596527,369192,10168,7582,1.53,14444,17259,19570,487679,1082266,175329,4406,1889,634076,179511,174730,4509963,3122174,2710,52973,4964,3078,367,14115,7138,5093,4434,483206,39596,71935,5635,97710,47441,20533,83625,18099,13855,54700,1080,24970,166,8040,266,57705,130,29212,55,29937,5,5,1817,15278,245,33,13,584,168,7,22,6128,3680410,110710,581800,97700,306300,304000,98.02,1151796,107277,405385,962,19.1,10980,5504,127,130,949,542,3283,754,2236,332,25067,271369,71027,22212,24237
R45000,宮崎県,1069576,1047871,139773,568255,344543,6474,7720,1.73,14140,16858,19340,468575,1030106,167776,4148,1905,773522,187614,91919,3762915,2708183,2487,51475,5184,3046,311,13629,7353,5205,4633,448050,35124,60717,5383,94952,41216,20079,80139,20304,10636,65200,444,14995,93,5700,238,60450,137,30211,52,29590,2,7,655,9924,91,32,8,654,189,5,24,4744,2361120,49160,546400,84200,302300,314700,94.39,1095673,87720,393678,982,16.6,10573,6278,135,120,899,506,2810,737,2193,425,32164,261710,71144,16200,22878
R46000,鹿児島県,1588256,1545763,205381,832194,505891,10037,11638,1.63,21501,24748,28024,725855,1528471,282664,6131,2521,918706,328812,125205,5504459,4051248,2492,75443,6701,4912,446,21093,9675,7312,6898,669456,51161,83370,5813,149034,61626,29469,131791,28199,20161,114800,904,26644,146,9570,507,89738,226,44912,89,43928,4,6,1927,15432,244,63,17,1009,175,4,48,6956,3993550,105000,879400,167000,458100,481500,88.67,1630934,150776,548911,920,15.6,16431,7696,222,204,1374,801,4545,1323,3181,568,42273,266228,70501,20650,22061
R47000,沖縄県,1467480,1424749,243246,871154,324708,18157,14943,1.82,12390,26958,25269,613294,1430169,229602,7376,3410,228259,112657,81558,4414093,3389334,2349,64285,4286,3065,668,15843,11636,5988,5110,553619,40040,33130,12206,117878,73321,27292,93865,10674,4073,37000,2156,56759,185,9911,268,101918,152,48763,64,44037,2,8,836,17932,85,40,15,507,239,9,18,12936,10295710,861960,652600,67900,255900,223800,75.77,1478957,82087,481354,889,14.5,12662,9891,252,78,901,613,3589,863,2259,591,50444,216202,66197,22333,14661
